{"activityLevel":180003,"activityList":[{"activeTime":1307954,"calorie":105.380005,"distance":1636.37,"type":1001},{"activeTime":242782,"calorie":17.995165,"distance":278.05417,"type":-1}],"age":41,"gender":"M","height":186.0,"stepCount":2458,"weight":85.0}