{"activityLevel":180003,"activityList":[{"activeTime":1380000,"calorie":110.090004,"distance":1700.03,"type":1001},{"activeTime":2910645,"calorie":233.20998,"distance":3572.0403,"type":-1}],"age":40,"gender":"M","height":185.0,"stepCount":6879,"weight":87.0}