{"activityLevel":180003,"activityList":[{"activeTime":4903000,"calorie":424.77002,"distance":6541.0195,"type":1001},{"activeTime":3118418,"calorie":243.15498,"distance":3768.209,"type":-1}],"age":41,"gender":"M","height":186.0,"stepCount":13230,"weight":85.0}