{"activityLevel":180003,"activityList":[{"activeTime":1440000,"calorie":104.090004,"distance":1585.34,"type":1001},{"activeTime":3032279,"calorie":238.96999,"distance":3643.6494,"type":-1}],"age":40,"gender":"M","height":186.0,"stepCount":6867,"weight":88.0}