{"activityLevel":180003,"activityList":[{"activeTime":1797155,"calorie":146.22,"distance":2254.63,"type":1001},{"activeTime":174331,"calorie":12.978667,"distance":196.81168,"type":-1}],"age":41,"gender":"M","height":186.0,"stepCount":3165,"weight":88.0}