{"activityLevel":180003,"activityList":[{"activeTime":1559729,"calorie":120.090004,"distance":1837.35,"type":1001},{"activeTime":3860910,"calorie":304.94992,"distance":4647.7695,"type":-1}],"age":40,"gender":"M","height":185.0,"stepCount":8489,"weight":87.0}