{"activityLevel":180003,"activityList":[{"activeTime":1920000,"calorie":156.93001,"distance":2379.41,"type":1001},{"activeTime":2749441,"calorie":215.80997,"distance":3286.0603,"type":-1}],"age":40,"gender":"M","height":185.0,"stepCount":7457,"weight":87.0}