{"activityLevel":180003,"activityList":[{"activeTime":420000,"calorie":33.597946,"distance":510.76953,"type":1001},{"activeTime":2498162,"calorie":199.06001,"distance":3040.0193,"type":-1}],"age":41,"gender":"M","height":186.0,"stepCount":4555,"weight":88.0}