{"activityLevel":180003,"activityList":[{"activeTime":1320000,"calorie":108.229996,"distance":1663.2,"type":1001},{"activeTime":1941914,"calorie":154.03998,"distance":2346.1792,"type":-1}],"age":40,"gender":"M","height":186.0,"stepCount":5243,"weight":88.0}