{"activityLevel":180003,"activityList":[{"activeTime":4534360,"calorie":364.80002,"distance":5601.2603,"type":1001},{"activeTime":2346979,"calorie":180.52417,"distance":2750.0024,"type":-1}],"age":41,"gender":"M","height":186.0,"stepCount":10836,"weight":85.0}