{"activityLevel":180003,"activityList":[{"activeTime":3462246,"calorie":295.41998,"distance":4532.92,"type":1001},{"activeTime":3068532,"calorie":238.92361,"distance":3636.4697,"type":-1}],"age":40,"gender":"M","height":185.0,"stepCount":10577,"weight":87.0}