{"activityLevel":180003,"activityList":[{"activeTime":5998866,"calorie":466.38998,"distance":7124.74,"type":1001},{"activeTime":4853346,"calorie":374.47992,"distance":5672.6787,"type":-1}],"age":40,"gender":"M","height":185.0,"stepCount":16656,"weight":87.0}