{"activityLevel":180003,"activityList":[{"activeTime":2279898,"calorie":182.76001,"distance":2798.67,"type":1001},{"activeTime":4719279,"calorie":371.59985,"distance":5699.35,"type":-1}],"age":41,"gender":"M","height":186.0,"stepCount":11067,"weight":85.0}