{"activityLevel":180003,"activityList":[{"activeTime":3408261,"calorie":270.86002,"distance":4114.02,"type":1001},{"activeTime":3336882,"calorie":262.12637,"distance":4036.066,"type":-1}],"age":40,"gender":"M","height":185.0,"stepCount":10693,"weight":85.0}