{"activityLevel":180003,"activityList":[{"activeTime":5160000,"calorie":429.15997,"distance":6569.09,"type":1001},{"activeTime":3373483,"calorie":264.94003,"distance":4054.8406,"type":-1}],"age":41,"gender":"M","height":186.0,"stepCount":13903,"weight":85.0}