{"activityLevel":180003,"activityList":[{"activeTime":1979665,"calorie":172.65001,"distance":2675.77,"type":1001},{"activeTime":4371165,"calorie":347.92004,"distance":5375.561,"type":-1}],"age":41,"gender":"M","height":186.0,"stepCount":10402,"weight":85.0}