{"activityLevel":180003,"activityList":[{"activeTime":3960000,"calorie":315.61002,"distance":4834.5103,"type":1001},{"activeTime":5312849,"calorie":409.87994,"distance":6195.4614,"type":-1}],"age":40,"gender":"M","height":185.0,"stepCount":14457,"weight":87.0}