{"step_scale_hash":170.0,"step_scale_factor":[1.0052992,1.0022795,1.0198507,1.0,1.0,1.0,1.0,1.0,1.0,1.0,1.0,1.0,1.0,1.0,1.0,1.0,1.0,1.0,1.0,1.0]}