{"activityLevel":180003,"activityList":[{"activeTime":1559422,"calorie":126.630005,"distance":1919.2,"type":1001},{"activeTime":6133506,"calorie":475.87006,"distance":7206.0117,"type":-1}],"age":40,"gender":"M","height":185.0,"stepCount":12032,"weight":87.0}